Suburb,Jan - Mar 2023,Apr - Jun 2023,Jul - Sep 2023,Oct - Dec 2023
EAST MELBOURNE,2637500,1440000,2980000,3750000
WEST MELBOURNE,1270000,1032500,1330000,1215000
FOOTSCRAY,855000,870000,987500,925500
SEDDON,1090000,1201000,1077500,1050000
KINGSVILLE,1090000,997500,1390000,1262000
MAIDSTONE,940000,920000,916300,824500
WEST FOOTSCRAY,892500,902500,950000,905000
YARRAVILLE,1090000,1160500,1100000,1085000
NEWPORT,1336300,1250000,1316000,1200000
SOUTH KINGSVILLE,1280000,1123000,1478000,817000
SPOTSWOOD,1230000,1030000,1160000,1130000
WILLIAMSTOWN,1470000,1550000,1605000,1600000
WILLIAMSTOWN NORTH,1275000,1300000,1612500,1000000
ALTONA,1167500,1100000,1200000,1100000
SEAHOLME,1570000,1354000,1420000,1537500
BRAYBROOK,688500,660000,680000,757500
ALBION,645000,800000,765000,765000
SUNSHINE,745500,827500,746000,800000
SUNSHINE NORTH,720000,710000,740000,751500
SUNSHINE WEST,641000,720000,686500,723000
ALBANVALE,590000,587500,600000,638000
KEALBA,667500,680000,672500,645000
KINGS PARK,600000,600000,592500,600000
ST ALBANS,650000,632500,647000,646000
ARDEER,644000,670000,612500,605000
BURNSIDE,752500,770000,754800,705000
BURNSIDE HEIGHTS,740000,760000,795000,700000
CAIRNLEA,956500,902500,950000,925000
CAROLINE SPRINGS,700000,752500,720800,738800
DEER PARK,619000,660000,644000,621000
MAMBOURIN,647500,661900,612500,640000
MANOR LAKES,611000,647500,642500,660000
MOUNT COTTRELL,572000,675000,675000,615000
WYNDHAM VALE,550000,550000,600000,600000
ALTONA EAST,942500,1215000,1083000,846000
ALTONA NORTH,885000,885000,852000,870000
DERRIMUT,740000,745000,700000,740000
LAVERTON SOUTH,730000,743000,713500,752000
WILLIAMS LANDING,805000,825500,802800,740000
ALTONA MEADOWS,630000,721000,670000,735000
LAVERTON,580000,557500,590000,620000
SEABROOK,750000,700900,745000,735000
HOPPERS CROSSING,625000,600000,620000,615500
TARNEIT,660000,665000,647000,650000
TRUGANINA,626000,645000,661000,645000
POINT COOK,765000,770000,775000,770000
SANCTUARY LAKES,744000,725000,720500,746000
WERRIBEE,600000,617000,618000,611000
WERRIBEE SOUTH,1038000,1200000,881000,955000
FLEMINGTON,1200000,1190000,1010800,1014500
KENSINGTON,971000,1110000,1050000,995000
ASCOT VALE,1353000,1200000,1375000,1300500
MARIBYRNONG,1150000,1110000,1207500,1100000
KEILOR EAST,970000,1035000,970000,1002000
AVONDALE HEIGHTS,930000,880300,982500,915000
KEILOR,980000,1000000,1222000,1260000
DELAHEY,680000,620000,606000,682000
HILLSIDE (MELTON),759000,750000,738500,785000
SYDENHAM,700000,760000,750000,751500
TAYLORS HILL,877500,902000,896000,941000
KEILOR DOWNS,770000,752500,719500,806000
KEILOR LODGE,855000,900000,895000,986000
TAYLORS LAKES,870000,930000,940000,933800
MOONEE PONDS,1514300,1592500,1426500,1620000
ABERFELDIE,1535500,1800500,1505000,1621000
ESSENDON,1900000,1745500,1825000,1675000
ESSENDON WEST,1010000,1277500,1235000,1160000
ESSENDON NORTH,1150000,1108500,1415000,1645000
STRATHMORE,1384000,1563800,1380000,1360000
STRATHMORE HEIGHTS,1191300,1061800,1100000,940000
AIRPORT WEST,892500,955000,920000,975000
KEILOR PARK,793000,785000,810000,807000
NIDDRIE,1148800,1050000,1242500,1187500
GLADSTONE PARK,685000,723800,710000,740000
GOWANBRAE,1320000,803500,800000,920000
TULLAMARINE,730000,720000,720000,730000
PASCOE VALE,935000,1050000,1242500,965000
PASCOE VALE SOUTH,1150000,1175000,1115000,1105000
GLENROY,770000,815000,790000,825000
HADFIELD,850000,895000,870000,850000
OAK PARK,929000,895000,1105000,1245300
BROADMEADOWS,530000,555000,550000,590000
DALLAS,490000,515000,507500,525000
JACANA,607500,593000,595000,568800
COOLAROO,500000,525000,535000,542500
MEADOW HEIGHTS,540000,560000,599500,570000
ATTWOOD,1000000,830000,744000,1077500
WESTMEADOWS,730000,735000,731000,700000
NORTH MELBOURNE,1300000,1180000,1482500,1110000
PARKVILLE,2097500,2137000,2477000,3610000
CARLTON,1620000,1500000,1425000,1359400
CARLTON NORTH,1660000,1485000,1385000,1415000
PRINCES HILL,1430000,1752500,1230000,2025000
BRUNSWICK WEST,1225000,1243000,1350000,1446000
BRUNSWICK,1322500,1325000,1265000,1274000
BRUNSWICK EAST,1300000,1365000,1406300,1428000
COBURG,1100000,1120000,1215000,1283000
COBURG EAST,1187500,974000,990000,1220000
COBURG NORTH,900000,880000,1017500,1109000
COONANS HILL,1400000,1205000,1237800,1150000
GREENVALE,850000,900000,800000,870000
FAWKNER,767500,750000,743800,800000
CAMPBELLFIELD,600000,620000,600000,617500
CRAIGIEBURN,645000,650000,652000,650000
DONNYBROOK,645000,640000,670000,645000
KALKALLO,647500,647500,635000,630000
MICKLEHAM,700000,673000,682500,680000
ROXBURGH PARK,668000,618800,622500,642500
FITZROY,1720000,1718400,1390000,1555000
COLLINGWOOD,1126000,1339000,1300000,1087500
ABBOTSFORD,1412000,1005000,1280000,1283800
CLIFTON HILL,1555000,1900000,1516000,1757500
FITZROY NORTH,1600000,1587500,1345000,1885000
NORTHCOTE,1650000,1467000,1702500,1625000
WESTGARTH,1950000,1698000,2075000,1670000
THORNBURY,1375000,1331000,1416000,1393500
PRESTON,1117500,1120000,1147500,1182500
RESERVOIR,840000,880000,871800,877500
THOMASTOWN,700000,667000,696000,692000
LALOR,656000,675000,705000,700000
EPPING,651000,665000,673000,669000
ALPHINGTON,2210000,2115000,2257000,1900000
FAIRFIELD,1760000,1700000,1300000,1685000
IVANHOE,1760000,1670000,1760000,1673000
IVANHOE EAST,2600000,2090000,2875000,1881000
BELLFIELD (BANYULE),1008000,930000,928800,950000
HEIDELBERG HEIGHTS,912500,1092500,979500,1060000
HEIDELBERG WEST,795000,715000,721300,760000
MILL PARK,755000,793500,780000,780400
BUNDOORA,810000,871000,847500,869000
KINGSBURY,773800,850000,685000,810000
EAGLEMONT,2747500,2500000,2765000,2200000
HEIDELBERG,1300500,1637300,1490000,1429000
ROSANNA,1270000,1285000,1275000,1320000
VIEWBANK,1083000,1357500,1191000,1220000
MACLEOD,1126300,1240000,1102500,1150000
YALLAMBIE,975300,870000,950000,1066000
WATSONIA,779800,832500,927500,963500
WATSONIA NORTH,916000,815000,990000,920300
BRIAR HILL,900000,1050000,1022500,1001000
GREENSBOROUGH,938500,965000,983800,1080000
ST HELENA,1134000,1239000,1175000,1200000
DIAMOND CREEK,950000,950000,962500,1005000
PLENTY,1620000,1960000,1595000,1765000
LOWER PLENTY,1400000,1188500,1244000,1260000
MONTMORENCY,1238500,1260000,1060000,1070000
ELTHAM,1030000,1159000,1225000,1239800
ELTHAM NORTH,1200000,1260000,1180000,1264500
RESEARCH,1265000,930000,1029900,1342500
WATTLE GLEN,938500,732000,933000,877500
KANGAROO GROUND SOUTH,1010000,1010000,1175000,1100000
HURSTBRIDGE,856800,890500,930000,935000
KEW,3250000,3036000,2850000,2521000
KEW NORTH,2480000,2100000,2050000,2350000
KEW EAST,2300000,2362500,2200000,2100200
BALWYN,2800000,3150000,3200000,2909000
DEEPDENE,3280000,2962500,3100000,2750000
BALWYN NORTH,2324400,2517500,2380000,2450500
BULLEEN,1340000,1405000,1400000,1457500
TEMPLESTOWE,1700000,1612000,1700000,1675500
TEMPLESTOWE LOWER,1570000,1445000,1410000,1371000
DONCASTER,1440000,1597500,1600000,1505000
DONCASTER EAST,1585000,1680000,1625000,1610000
DONVALE,1390000,1420000,1399000,1535000
WARRANDYTE,1445000,1700000,1166000,1180000
PARK ORCHARDS,1714500,1700000,1810000,1760000
WONGA PARK,1092500,1369500,1560000,1271000
CHIRNSIDE PARK,855000,1000000,908800,882000
BURNLEY,1748000,915000,1535000,1915000
CREMORNE,1132500,1517500,1392500,1166500
RICHMOND,1387500,1402500,1423000,1300000
HAWTHORN,2900000,2550000,2637000,3089400
HAWTHORN EAST,2988000,3060000,2615000,2459000
CAMBERWELL,2815000,2330000,2437000,2700500
BURWOOD,1431000,1403000,1511500,1572500
CANTERBURY,3258500,3330000,3200000,3550000
MONT ALBERT,2600000,2671500,1990000,2930000
SURREY HILLS,2313500,2410000,2520000,2353000
BOX HILL,1445500,1760000,1680000,1758000
BOX HILL SOUTH,1402500,1452500,1500000,1542000
BOX HILL NORTH,1271000,1320000,1341500,1411000
MONT ALBERT NORTH,1720000,1591500,1732500,1732500
BLACKBURN,1535000,1640000,1591000,1600300
BLACKBURN NORTH,1370000,1283400,1337000,1249300
BLACKBURN SOUTH,1333500,1342500,1362500,1401500
FOREST HILL,1100000,1220000,1245900,1325000
NUNAWADING,1100000,1199500,1205000,1238000
MILLGROVE,557500,535000,570000,581500
MITCHAM,1122500,1230500,1220000,1220000
VERMONT,1200000,1250000,1300000,1205000
VERMONT SOUTH,1498000,1535000,1500000,1533000
RINGWOOD,1050000,950000,995000,1000000
RINGWOOD NORTH,1042500,1260000,1225000,1320000
WARRANWOOD,1072500,1194800,1230000,1270000
HEATHMONT,1135000,1072500,1225800,940000
RINGWOOD EAST,1000000,941300,1110000,970500
CROYDON,910000,900000,902500,950000
CROYDON HILLS,1048400,1150000,1324000,1196000
CROYDON NORTH,1107500,1114000,1121900,1000000
CROYDON SOUTH,890000,898000,876800,911500
KILSYTH,782500,780000,825500,827500
KILSYTH SOUTH,865200,1200000,920000,1020000
MOOROOLBARK,804000,800000,847500,828800
LAUNCHING PLACE,650000,671500,667500,650000
SEVILLE,900000,747500,824800,817500
WANDIN NORTH,800000,810000,710000,765000
WOORI YALLOCK,616300,622500,630000,704200
LILYDALE,922500,877500,890000,1022500
SOUTH YARRA,2700000,2255000,2420000,2388000
TOORAK,6630000,6352000,5175000,4815000
ARMADALE,2100000,3483100,2517500,2484000
MALVERN,3050000,3117500,3457000,2317500
MALVERN EAST,2110000,2030000,2105000,2330000
GLEN IRIS,2420000,2570000,2467500,2462000
ASHBURTON,1768000,2070000,2100000,2205500
ASHWOOD,1327500,1482500,1545000,1483000
CHADSTONE,1326000,1300500,1307000,1220000
MOUNT WAVERLEY,1672500,1700000,1600000,1550000
SYNDAL,1727500,2200000,2202500,1725000
GLEN WAVERLEY,1658900,1650000,1704000,1620000
WHEELERS HILL,1500000,1413500,1465000,1595000
BURWOOD EAST,1254000,1283500,1305000,1243500
STUDFIELD,920000,1097800,1170000,1012500
WANTIRNA,1053000,1230000,1150000,1180000
WANTIRNA SOUTH,1225000,1296000,1443000,1355000
BAYSWATER,872000,864900,840000,911500
BAYSWATER NORTH,870000,820000,896500,822500
THE BASIN,916000,820000,840000,853000
BORONIA,835000,865000,888900,831000
FERNTREE GULLY,900000,852000,936000,886000
LYSTERFIELD,913500,1400800,1350500,1262600
LYSTERFIELD SOUTH,1560000,1938000,1982500,1405000
UPPER FERNTREE GULLY,782500,795000,925000,890000
UPWEY,821000,865000,1057000,947500
SELBY,815000,932000,860000,480000
BELGRAVE,770000,790000,830000,821000
TECOMA,805000,794800,935900,826000
CAULFIELD NORTH,2600000,2725000,2660000,2585000
CAULFIELD,1928500,1670000,1945000,2250000
CAULFIELD SOUTH,1945000,1712000,2050000,1872500
CARNEGIE,1542500,1808000,1690000,1600000
GLEN HUNTLY,1513000,1251000,2150000,1735500
MURRUMBEENA,1500000,1950000,1645000,1637500
BENTLEIGH EAST,1427500,1450000,1430000,1427000
HUGHESDALE,1445000,1575000,1340000,1422000
HUNTINGDALE,1367000,1225000,1032000,1175000
OAKLEIGH,1265000,1305000,1430000,1320000
OAKLEIGH EAST,950000,1215000,1172500,1095000
OAKLEIGH SOUTH,1020000,1100000,1170800,1233000
CLAYTON,1259000,1138900,1109500,1155000
CLAYTON NORTH,1180000,1306000,1333000,1186300
NOTTING HILL,1200000,1070000,1151000,1144000
CLARINDA,921000,920000,1005000,995000
CLAYTON SOUTH,955000,921000,973000,943500
WESTALL,880000,800000,900000,853300
MULGRAVE,933000,986300,1120000,1077000
SPRINGVALE,880000,875000,863000,893000
DINGLEY VILLAGE,1040000,1165000,1155000,1069500
SPRINGVALE SOUTH,804500,810500,792500,800000
KEYSBOROUGH,947400,864500,927800,929500
NOBLE PARK,710000,726000,733800,755000
NOBLE PARK NORTH,740500,710000,752500,758300
DANDENONG,690000,693000,682500,696500
DANDENONG NORTH,708000,700000,738500,750000
DOVETON,540000,570000,550000,617500
EUMEMMERRING,706000,607500,680000,645000
ROWVILLE,1025000,1096000,1160000,1098000
SCORESBY,910000,953000,950000,990000
KNOXFIELD,862500,950000,923000,1058500
PRAHRAN,1540000,1710000,1746000,2107500
WINDSOR,1523800,1450000,1500000,1500000
ST KILDA,1166000,1525000,1270000,1600000
ST KILDA WEST,3800000,3800000,2855000,2300000
BALACLAVA,1550000,1523500,1280000,1432500
ST KILDA EAST,1321300,1557500,1955000,1576000
ELWOOD,2550000,1895000,2200000,1900000
ELSTERNWICK,2476500,2285000,2300000,1930000
BRIGHTON,3300000,3675000,3100000,3115000
BRIGHTON EAST,2435000,2370000,2595000,2230000
HAMPTON,2500000,2275000,2464000,2490000
HAMPTON EAST,1215000,1575000,1427500,1452500
MOORABBIN,1300000,1222500,1347500,1320000
HIGHETT,1487500,1477500,1460000,1455000
SANDRINGHAM,2048000,1950000,2115000,2227500
CHELTENHAM,1383500,1425000,1300000,1324500
CHELTENHAM EAST,1165000,1215000,1107000,1165000
CHELTENHAM NORTH,1075000,1083000,1000000,946500
BEAUMARIS,1962500,2057500,2012000,2155000
BLACK ROCK,2325000,2060000,2850000,2265000
MENTONE,1412000,1320000,1220000,1432500
ASPENDALE,1350000,1393000,1235000,1395000
ASPENDALE GARDENS,1067500,1235000,1176000,1075000
MORDIALLOC,1460000,1400500,1415000,1207400
PARKDALE,1309000,1330000,1520000,1381000
WATERWAYS,1690000,1840000,1750000,1680000
BONBEACH,1026500,1110000,1160000,1227500
CHELSEA,1115000,1400000,1200000,1100000
CHELSEA HEIGHTS,900000,897300,950000,895500
EDITHVALE,1267000,1267500,1260000,1345000
CARRUM,960000,1035000,1003100,1125000
PATTERSON GARDENS,1312500,1300000,1283800,1237500
PATTERSON LAKES,1650000,1215000,1300000,1558800
SEAFORD,833000,762800,835000,860000
FRANKSTON,700000,750000,725000,745000
FRANKSTON SOUTH,1200000,1028800,1141000,1217500
FRANKSTON NORTH,562500,572500,575000,577500
CARRUM DOWNS,681300,690300,705000,710000
HEATHERTON,1070000,1125300,1235000,1200000
BENTLEIGH,1870000,1635500,1691600,1687500
MCKINNON,1773500,2010000,1930000,2130000
ORMOND,1621500,2000000,1843000,1840500
SOUTH MELBOURNE,2270000,1555000,1402500,1695000
ALBERT PARK,2098500,2500000,2275000,2340000
MIDDLE PARK,1940000,3030000,2150000,2405000
GARDEN CITY,1725000,1799500,1467500,1798300
PORT MELBOURNE,1745000,1850000,1565000,1850000
LARA,799900,705000,662500,692000
LARA LAKE,727500,707500,675000,750000
LOVELY BANKS,650000,690000,580000,690000
CORIO,475000,490000,477500,484800
NORLANE,460000,466400,450000,452500
BELL PARK,587500,600000,620000,630000
BELL POST HILL,592500,617500,639000,611500
HAMLYN HEIGHTS,723000,705000,775000,740000
NORTH GEELONG,654000,602600,650000,616300
RIPPLESIDE,970000,816000,1275000,1110000
BELMONT,671000,700000,699500,670000
GROVEDALE,637500,670000,680000,650000
HIGHTON,810000,912500,960000,911000
MARSHALL,623500,615000,600000,550000
WANDANA HEIGHTS,830000,1015000,998000,1090000
WAURN PONDS,805000,830000,740000,837500
ARMSTRONG CREEK,675000,677500,675000,670000
CHARLEMONT,635000,607500,585000,599000
MOUNT DUNEED,746000,720000,710000,737500
FYANSFORD,1210000,1127500,940000,780000
GEELONG WEST,1010000,832500,912500,940000
HERNE HILL,760000,627500,690000,732000
MANIFOLD HEIGHTS,850000,1240000,1095000,928500
BREAKWATER,575000,470000,612000,550000
EAST GEELONG,835000,990000,850000,762500
NEWCOMB,544000,572500,575500,597300
ST ALBANS PARK,588800,605000,585000,577500
THOMSON (GREATER GEELONG),562000,560000,500000,525000
WHITTINGTON,492500,500000,495000,500000
GEELONG,930000,797500,1265000,1000000
NEWTOWN (GREATER GEELONG),1330000,1220000,1069000,1338800
SOUTH GEELONG,750000,785000,950000,902500
CLIFTON SPRINGS,665000,680000,670000,647500
CURLEWIS,686300,667500,662300,760000
DRYSDALE,880000,640000,680000,827500
INDENTED HEAD,862500,765000,830000,792500
PORTARLINGTON,945000,872500,980000,1000000
ST LEONARDS,765000,782500,750000,750000
LEOPOLD,702500,677500,652500,700000
POINT LONSDALE,1847500,1292500,1252500,1220000
QUEENSCLIFF,1967500,1470000,1637500,1565000
OCEAN GROVE,1175000,985000,972500,960000
BARWON HEADS,1850000,2000000,1550000,1727500
CONNEWARRE,1925000,1000000,2042500,2300000
JAN JUC,1290000,1320000,1158500,1287500
TORQUAY,1350000,1165000,1252500,1206000
ANGLESEA,1735000,1720000,1522500,1482500
AIREYS INLET,1570000,1900000,1745000,1587500
LORNE,1910000,2204500,1550000,4000000
APOLLO BAY,1125000,1200000,1060000,998800
WINCHELSEA,605000,635000,635000,670000
BIRREGURRA,960000,750000,835000,782500
COLAC,490000,470000,465000,490000
ELLIMINYT,814500,602500,755000,675000
CAMPERDOWN,397500,515000,475000,420000
TERANG,385000,380000,400000,330000
COBDEN,378500,397500,425000,380000
TIMBOON,558000,558000,485500,425000
MORTLAKE,362500,349500,384300,300000
DENNINGTON,633500,630000,550000,645500
WARRNAMBOOL,620000,600000,560000,615000
KOROIT,525000,770000,640000,595000
PORT FAIRY,1300000,817500,950000,875000
PENSHURST,257500,257500,310000,190000
HAMILTON,395000,370000,360000,369500
HEYWOOD,322500,380000,295000,345000
PORTLAND,437500,446500,397500,451300
CASTERTON,285000,305000,330000,290000
COLERAINE,210000,205000,210000,180000
EDENHOPE,345000,265500,345000,205000
BANNOCKBURN,705000,677500,710000,752500
MEREDITH,600000,650000,540000,540000
BONNIE BROOK,670000,669900,644900,682500
ROCKBANK,605000,675000,632500,595000
THORNHILL PARK,637500,630000,599500,606500
AINTREE,735500,735000,800100,740500
DEANSIDE,631000,640000,639000,670000
FRASER RISE,700000,735000,712500,705000
HARKNESS,600000,584500,579000,550000
KURUNJANG,515400,515000,512500,535000
MELTON,460000,470000,468500,489400
MELTON WEST,540000,540000,563000,520000
BROOKFIELD,570000,560000,555000,562000
COBBLEBANK,600000,660000,673500,610000
EYNESBURY,674000,670000,628500,690000
MELTON SOUTH,485000,492500,517500,498000
STRATHTULLOH,591000,650000,665000,610000
WEIR VIEWS,577000,556000,560000,575000
BACCHUS MARSH,635000,652500,627500,625000
DARLEY,579500,749500,720000,681000
MADDINGLEY,645000,655000,605000,620000
BALLAN,641000,582000,600000,630000
GORDON,779000,757500,595800,707500
ALFREDTON,640000,668500,610000,660000
BALLARAT CENTRAL,605000,611300,615000,615000
BALLARAT EAST,505500,548800,528800,485000
BALLARAT NORTH,690000,665000,570000,571800
BLACK HILL,740000,670000,622000,565000
BROWN HILL,707500,715000,645000,820000
CANADIAN,515000,520000,605000,598500
EUREKA,578500,480000,470000,525000
GOLDEN POINT (BALLARAT),575000,529000,465300,580000
INVERMAY PARK,657500,770000,650000,692500
LAKE WENDOUREE,1185000,1390000,1562500,1112500
LUCAS,617500,680000,640000,648800
MOUNT CLEAR,510000,495000,542500,480000
MOUNT HELEN,580000,675000,572300,555000
MOUNT PLEASANT,507600,545000,420000,470000
NERRINA,670000,477500,722500,665000
NEWINGTON,950000,644500,480000,690000
REDAN,460000,470000,490500,540000
SOLDIERS HILL,640000,635000,485000,537500
SMYTHES CREEK,620000,625000,530000,600000
SMYTHESDALE,530000,465000,572000,750000
BONSHAW,577000,536500,600000,560000
CARDIGAN,830000,1050000,965000,1114000
MINERS REST,587500,625000,640000,572500
LAKE GARDENS,835000,833000,783500,705000
WENDOUREE,470000,480000,483800,452500
WENDOUREE WEST,365000,340000,175000,377500
DELACOMBE,512000,537500,517500,539500
SEBASTOPOL,467500,462500,435000,448000
BUNINYONG,815000,630000,715000,687500
WINTER VALLEY,580000,580000,550000,581500
CRESWICK,603800,455000,515000,524500
CLUNES,502500,490000,510000,575000
BEAUFORT,465000,395000,480000,488000
ARARAT,307500,390000,363500,385000
STAWELL,340000,295000,342500,289000
HALLS GAP,555000,497500,630000,470000
MURTOA,255000,217500,331000,331000
MINYIP,160000,143500,179000,92000
WARRACKNABEAL,214100,262500,262000,218500
HOPETOUN,220000,75000,75000,174900
HORSHAM,399000,415000,407500,371800
GREEN LAKE,425000,433000,482500,400000
DIMBOOLA,180000,355000,281000,260000
NHILL,235000,177500,202000,199000
KANIVA,176500,285000,187500,188000
RAINBOW,152500,177500,195000,240000
DIGGERS REST,665000,661300,652500,652500
SUNBURY,650000,675000,660000,647800
RIDDELLS CREEK,720000,1116300,825000,940000
ROMSEY,752500,757500,762300,770000
LANCEFIELD,727500,630000,655000,615000
GISBORNE,1050000,975000,997500,1012500
NEW GISBORNE,895000,900000,820000,745000
MACEDON,1105000,1292500,927000,1000000
WOODEND,865000,940000,1100000,1085000
KYNETON,827500,814000,700000,752500
MALMSBURY,810000,762500,731500,965000
CASTLEMAINE,788000,715000,715000,720000
CAMPBELLS CREEK,724000,716300,640000,745000
MCKENZIE HILL,930000,800500,745000,715000
HARCOURT,599000,760000,770000,700000
TRENTHAM,780000,1280000,877500,1060000
DAYLESFORD,952500,887000,890000,869000
HEPBURN,1032500,625000,682500,600000
MALDON,801300,705000,676000,747500
CARISBROOK,357500,390000,525000,422500
MARYBOROUGH,420000,412500,425000,372500
AVOCA,330000,336500,340000,400000
DUNOLLY,275000,350000,325000,485000
ST ARNAUD,272500,270000,300000,285200
DONALD,255000,270000,235000,158000
BIRCHIP,250000,175000,178800,191500
OUYEN,220000,185000,165000,208500
RED CLIFFS,334000,340000,285000,337500
SUNNYCLIFFS,382500,438000,327500,325000
IRYMPLE,500000,473800,530000,515200
MILDURA,430000,450000,415100,451500
NICHOLS POINT,640000,640000,557500,517500
MERBEIN,322500,282500,301500,295000
MARONG,635000,585000,655000,610000
INGLEWOOD,500000,310000,325000,340000
WEDDERBURN,290000,280000,230000,305000
HEATHCOTE,532500,465000,415000,550000
CHARLTON,320000,220000,335000,275000
SEA LAKE,159500,200000,135000,258500
BOORT,265000,265000,287500,225000
ROBINVALE,330000,402500,340000,385000
BENDIGO,540000,563500,505000,600000
EAST BENDIGO,585000,549000,512500,450000
FLORA HILL,515000,565000,535000,496000
IRONBARK,530000,475000,580000,547500
KENNINGTON,607500,643000,567500,610000
LONG GULLY,400000,400000,361000,455000
NORTH BENDIGO,515000,500000,520000,530000
QUARRY HILL,545000,615000,580000,601000
SPRING GULLY,580000,610000,775000,797500
STRATHDALE,685000,620000,575000,635000
WHITE HILLS,465000,507500,496100,547000
ASCOT (GREATER BENDIGO),575000,635000,593800,622000
AXEDALE,537500,695000,410000,410000
EPSOM,545000,610000,592500,588800
HUNTLY,535000,586500,581500,550000
JUNORTOUN,886800,767500,770000,832500
MAIDEN GULLY,750000,800000,780000,830000
STRATHFIELDSAYE,710000,725000,756000,675000
GOLDEN SQUARE,487500,515000,540000,505000
KANGAROO FLAT,495000,503800,502500,504000
CALIFORNIA GULLY,443500,458000,458800,482000
EAGLEHAWK,530000,502500,478800,432500
JACKASS FLAT,509000,515000,495000,521500
SAILORS GULLY,454000,521000,430000,465000
ELMORE,315000,371000,520000,349000
ROCHESTER,250000,260000,270000,270000
LOCKINGTON,385000,405000,285000,285000
ECHUCA,595000,540000,577500,586000
GUNBOWER,140000,200000,200000,500000
COHUNA,317000,337500,315000,350000
PYRAMID HILL,240000,180000,182500,270000
KERANG,235000,270000,273000,310000
KOONDROOK,245400,290000,450000,545000
LAKE BOGA,280000,560000,290000,468000
SWAN HILL,448000,463500,401000,438800
NAGAMBIE,725000,660000,505000,627500
MURCHISON,410000,337000,344500,275000
RUSHWORTH,305000,380000,392000,369000
TATURA,460000,480000,495000,447500
MERRIGUM,250000,300000,224000,282500
KYABRAM,455000,441000,454500,457500
TONGALA,435000,364000,392500,470000
STANHOPE,397000,290000,325000,385000
MOOROOPNA,333300,391500,389500,347000
SHEPPARTON,452500,425500,435000,451400
KIALLA,695000,645000,600000,660000
SHEPPARTON NORTH,1100000,466500,632500,665500
NUMURKAH,400000,405000,310000,367500
NATHALIA,385000,290000,370000,390000
STRATHMERTON,320000,432500,432500,432500
COBRAM,455000,412500,450000,492500
BROADFORD,520000,540000,552500,571300
SEYMOUR,520000,430000,420000,480000
AVENEL,510000,540000,560000,575000
EUROA,490000,490000,487500,507500
VIOLET TOWN,530000,386800,570000,499500
BENALLA,435000,412500,405500,435000
WANGARATTA,483500,550000,532500,525000
CHILTERN,469000,360000,380000,412500
RUTHERGLEN,587500,460000,444500,490000
WAHGUNYAH,610000,501300,255000,310000
WEST WODONGA,549500,545000,545000,515000
WODONGA,500100,521000,540000,560000
BARANDUDA,532000,623800,639500,620000
BELLBRIDGE,592500,779000,779000,565000
KILLARA (WODONGA),649500,667500,665000,652500
LENEVA,735000,665000,690000,647500
TANGAMBALANGA,416000,588800,650000,649500
TAWONGA SOUTH,650000,550000,800000,383100
MOUNT BEAUTY,455000,505000,590000,531500
TALLANGATTA,401300,410000,510000,509500
CORRYONG,460000,322500,290000,320000
EILDON,447500,426300,558000,520000
ALEXANDRA,459500,468000,520000,471000
YEA,485000,550000,700000,507500
BONNIE DOON,712500,712500,612500,720000
MANSFIELD,740000,773000,795000,900000
GOUGHS BAY,560000,580000,590000,647500
JAMIESON,540000,737500,575000,575000
OSBORNE,1040000,1040000,960000,1035000
BUNDALONG,1075000,1390000,675000,968000
YARRAWONGA,595000,640800,620000,672500
MYRTLEFORD,595000,590000,585000,550000
POREPUNKAH,940000,895000,979000,995000
BRIGHT,931200,1195000,915000,1125000
BEECHWORTH,718000,725000,885000,740500
YACKANDANDAH,635000,786000,725000,770000
WOLLERT,710000,683600,714200,705000
SOUTH MORANG,715000,700000,733800,760000
BEVERIDGE,665000,658500,621500,656500
DOREEN,715800,716000,735000,730000
MERNDA,650000,663800,690000,683000
WALLAN,610000,630000,638000,620000
WALLAN EAST,563500,610000,611000,605000
WHITTLESEA,720000,775000,778500,710500
KINGLAKE,672500,651700,740000,761000
KILMORE,610000,570000,575000,600000
MONTROSE,846000,785000,835500,878500
KALORAMA,885000,982500,869000,825000
MOUNT DANDENONG,746300,900000,750000,1007500
COLDSTREAM,795000,838000,865000,770000
YARRA GLEN,782500,786800,785000,800000
BADGER CREEK,665000,767500,820000,685000
HEALESVILLE,750000,865000,825000,758000
COCKATOO,767500,683000,700000,770000
EMERALD,882500,890000,869000,750000
GEMBROOK,950000,737500,770000,777500
FERNY CREEK,950000,890000,835000,1037300
SASSAFRAS,1290000,1520000,894500,860000
OLINDA,839000,1010000,765000,996000
KALLISTA,788800,911100,845000,780000
MONBULK,825000,782000,705000,835000
MOUNT EVELYN,807500,784500,855000,830000
YARRA JUNCTION,709500,680000,738000,685000
EAST WARBURTON,700500,600000,715000,532000
WARBURTON,740000,672500,714400,616300
ENDEAVOUR HILLS,770000,820000,780000,805000
HALLAM,660000,705000,735000,740000
NARRE WARREN NORTH,1452500,1401000,1510000,1725000
NARRE WARREN,709000,745000,735000,720000
NARRE WARREN SOUTH,807500,786100,805000,870000
BERWICK,855000,825000,855000,890000
BEACONSFIELD,885000,879800,1008000,1010000
BEACONSFIELD UPPER,1225000,1180000,1180000,1359000
OFFICER,705000,743000,725000,747500
OFFICER SOUTH,850000,935000,830000,809500
PAKENHAM,640000,630000,645000,650000
NAR NAR GOON,825000,1250000,655000,776300
GARFIELD,890000,730000,837500,575000
BUNYIP,890000,705000,677500,890000
LONGWARRY,575000,574500,552000,572500
DROUIN,625000,631000,623000,602000
WARRAGUL,630000,648500,655000,651300
YARRAGON,695000,560000,640000,649000
TRAFALGAR,533500,580000,552500,550000
MOE,365000,365000,340000,367000
NEWBOROUGH,395000,410000,429000,450000
RAWSON,295000,335000,330000,330000
YALLOURN NORTH,320000,347000,315000,310000
NEERIM SOUTH,807500,815000,630000,555000
JEERALANG NORTH,355000,410000,371800,518000
MORWELL,317500,375000,322500,342500
CHURCHILL,347500,350000,345000,345000
TRARALGON,485000,493000,500000,515000
TRARALGON EAST,820000,958000,832500,727500
ROSEDALE,375000,475000,433800,520000
SALE,460000,472000,520000,517000
LOCH SPORT,362500,420000,395000,349000
PARADISE BEACH,320000,416000,357500,375000
SEASPRAY,580000,465000,645000,346500
GLENGARRY,537500,595000,580000,790000
HEYFIELD,362000,385000,435000,452500
MAFFRA,401000,440000,405000,415000
STRATFORD,493000,500000,480000,475000
LINDENOW,360000,345000,600000,380000
YINNAR,565000,580000,569500,560000
MIRBOO NORTH,575000,487500,580000,542500
BAIRNSDALE,448000,423000,430000,435000
EAST BAIRNSDALE,300000,347500,386500,325000
EASTWOOD,629000,607300,639000,560800
LUCKNOW,400000,441300,360000,470000
NEWLANDS ARM,632500,917500,601000,675000
WY YUNG,437500,500000,580000,607500
EAGLE POINT,530000,470000,599800,438000
PAYNESVILLE,537500,511500,522500,490000
RAYMOND ISLAND,626000,510000,610000,525000
BRUTHEN,520000,540000,365000,552500
LAKE TYERS BEACH,572500,625000,680000,525000
ORBOST,347500,347500,336500,325000
MALLACOOTA,1120000,560000,550000,210000
METUNG,892500,680000,785000,857500
KALIMNA,483500,520000,499000,435000
LAKES ENTRANCE,540000,482500,490000,483000
LANGWARRIN,840000,787500,850000,840000
BAXTER,796300,668000,702100,646300
PEARCEDALE,747500,885000,945000,745000
SOMERVILLE,757500,762000,727500,802500
TYABB,730000,715000,705000,825000
HASTINGS,742500,737500,691500,690000
HASTINGS WEST,605000,552500,563000,620000
SHOREHAM,1700000,1200000,2250000,2262500
BITTERN,892500,753600,852500,902500
CRIB POINT,757500,752500,857500,715000
COWES,800000,797800,940000,784000
COWES WEST,785000,780000,757500,766300
SMITHS BEACH,1075000,872500,1040000,840000
SUNDERLAND BAY,642500,799000,652500,685000
SUNSET STRIP,625000,705000,730000,700000
SURF BEACH,920000,785000,750000,817500
VENTNOR,865000,890000,808500,771000
WIMBLEDON HEIGHTS,620000,735000,565000,650000
RHYLL,737500,932500,770000,765000
SAN REMO,1040000,1083800,945000,890000
WOOLAMAI WATERS,850000,790500,765000,715000
BALNARRING,1250000,1117500,1452500,1275000
SOMERS,1550000,1552000,1612500,1510000
FLINDERS,2475000,2050000,1800000,3624000
MOUNT ELIZA,1785000,1600000,1675000,1707500
MORNINGTON,1101500,1005000,1051800,1130000
MOUNT MARTHA,1850000,1849400,1960000,1700000
DROMANA,1040000,1105000,1155000,1017500
SAFETY BEACH,1300000,1225000,1122500,1285000
RED HILL,1505000,1402500,1501000,1705000
MCCRAE,1530000,1299000,1033000,1287500
ROSEBUD,770000,740000,765000,715000
CAPEL SOUND,774500,776300,718000,720000
ROSEBUD SOUTH,1157500,936000,1110000,966000
RYE,1100000,1101000,1080000,1121000
ST ANDREWS BEACH,1550000,1512500,1500000,1795000
TOOTGAROOK,847500,887500,860000,945000
BLAIRGOWRIE,1825000,1600000,1723800,1541500
SORRENTO,2225000,2037500,2115000,2100000
PORTSEA,3380000,3255000,3225000,2850000
KORUMBURRA,478000,550000,535000,585000
LEONGATHA,580000,582500,549000,585000
BALCOMBE,1910000,1875000,1640000,1647500
VENUS BAY,620000,712500,577500,600000
SANDY POINT,805000,1010000,810000,815000
FOSTER,590000,560000,512500,750000
TOORA,465000,270000,440000,540000
PORT ALBERT,610000,515000,515000,490000
YARRAM,387500,560000,407500,347500
LYNBROOK,814300,825000,780000,767500
LYNDHURST,901000,900000,836300,965000
HAMPTON PARK,650000,627800,645000,650000
BOTANIC RIDGE,863500,843800,890000,918800
CRANBOURNE,640000,635000,681000,662000
CRANBOURNE EAST,692500,710000,714000,710000
CRANBOURNE NORTH,714500,690000,738500,697500
CRANBOURNE SOUTH,820800,668800,777500,650000
CRANBOURNE WEST,650000,622500,683000,670000
FIVEWAYS,1130000,535000,535000,670000
JUNCTION VILLAGE,662500,595000,702000,650000
MERINDA PARK,612500,627000,590000,645000
SANDHURST,1000500,1100100,1082500,1085500
SKYE,725000,785000,780000,747800
CLYDE,680000,662500,677000,691500
CLYDE NORTH,720000,702500,728800,722000
BLIND BIGHT,762000,813500,860000,695000
TOORADIN,841000,660000,910000,947500
KOO WEE RUP,645000,666000,640000,715000
CORINELLA,699000,620000,697000,860000
CORONET BAY,580000,610000,597500,494000
GRANTVILLE,550000,645000,620000,562500
LANG LANG,646000,725000,715000,691300
DALYSTON,449500,530000,555000,481500
CAPE PATERSON,895000,695000,817500,745000
NORTH WONTHAGGI,653000,602000,649500,558000
WONTHAGGI,580000,580000,522500,520000
INVERLOCH,1000000,941000,800800,967300
